{
    "camera_matrix": [
        [
            1102,
            0.0,
            1356
        ],
        [
            0.0,
            1102,
            774
        ],
        [
            0.0,
            0.0,
            1.0
        ]
    ],
    "dist_coeff": [
        [
            0.6894963928372938,
            0.02850800538694342,
            -0.00302611155417847,
            -0.0005390249367088646,
            -0.0008983514566270672,
            1.0713640858493982,
            0.18627653046104642,
            -0.003141238657978206,
            0.0,
            0.0,
            0.0,
            0.0,
            0.0,
            0.0
        ]
    ]
}
